"x","y","species"
39.3451694719853,-5.875,"Heteractis_magnifica"
167.424486972562,-22.625,"Heteractis_magnifica"
167.424486972562,-22.5416666666667,"Heteractis_magnifica"
166.428406732765,-22.375,"Heteractis_magnifica"
166.262393359465,-22.2916666666667,"Heteractis_magnifica"
166.179386672815,-22.2083333333333,"Heteractis_magnifica"
167.424486972562,-21.0416666666667,"Heteractis_magnifica"
35.6098685727462,24.2083333333333,"Heteractis_magnifica"
166.511413419414,-22.4583333333333,"Heteractis_magnifica"
34.9458150795481,25.0416666666667,"Heteractis_magnifica"
34.6967950195988,25.375,"Heteractis_magnifica"
48.1438782568596,-13.2916666666667,"Heteractis_magnifica"
48.0608715702098,-13.2916666666667,"Heteractis_magnifica"
115.462301129813,-8.54166666666666,"Heteractis_magnifica"
115.462301129813,-8.70833333333333,"Heteractis_magnifica"
34.1157482130505,26.7083333333333,"Heteractis_magnifica"
120.940742448697,13.4583333333333,"Heteractis_magnifica"
165.432326492968,-21.625,"Heteractis_magnifica"
165.349319806318,-20.875,"Heteractis_magnifica"
165.515333179617,-21.7083333333333,"Heteractis_magnifica"
165.432326492968,-20.875,"Heteractis_magnifica"
43.1634770578741,11.7083333333333,"Heteractis_magnifica"
165.100299746368,-20.625,"Heteractis_magnifica"
164.270232879871,-20.625,"Heteractis_magnifica"
73.4609176850358,3.625,"Heteractis_magnifica"
72.9628775651372,4.04166666666667,"Heteractis_magnifica"
35.9418953193452,23.375,"Heteractis_magnifica"
34.8628083928983,25.2916666666667,"Heteractis_magnifica"
35.3608485127969,24.375,"Heteractis_magnifica"
35.8588886326954,23.4583333333333,"Heteractis_magnifica"
34.7798017062486,25.375,"Heteractis_magnifica"
45.2386442241181,-12.875,"Heteractis_magnifica"
36.1909153792945,23.625,"Heteractis_magnifica"
35.8588886326954,23.625,"Heteractis_magnifica"
166.428406732765,-20.4583333333333,"Heteractis_magnifica"
33.949734839751,26.875,"Heteractis_magnifica"
33.8667281531012,27.125,"Heteractis_magnifica"
166.594420106064,-20.4583333333333,"Heteractis_magnifica"
118.533548535854,2.29166666666667,"Heteractis_magnifica"
118.367535162555,2.125,"Heteractis_magnifica"
104.173391745446,2.875,"Heteractis_magnifica"
34.8628083928983,25.2083333333333,"Heteractis_magnifica"
47.7288448236108,-14.125,"Heteractis_magnifica"
34.8628083928983,25.125,"Heteractis_magnifica"
39.5111828452848,-6.20833333333333,"Heteractis_magnifica"
35.5268618860964,-21.7916666666667,"Heteractis_magnifica"
45.0726308508186,-12.9583333333333,"Heteractis_magnifica"
34.0327415264008,26.7083333333333,"Heteractis_magnifica"
35.6928752593959,24.125,"Heteractis_magnifica"
35.6928752593959,24.2083333333333,"Heteractis_magnifica"
72.7968641918377,3.54166666666667,"Heteractis_magnifica"
210.089923910537,-17.5416666666667,"Heteractis_magnifica"
73.2949043117362,2.375,"Heteractis_magnifica"
72.7968641918377,3.875,"Heteractis_magnifica"
33.949734839751,26.9583333333333,"Heteractis_magnifica"
145.593728383675,-14.625,"Heteractis_magnifica"
69.0615632925986,22.4583333333333,"Heteractis_magnifica"
34.1157482130505,26.625,"Heteractis_magnifica"
33.949734839751,27.2083333333333,"Heteractis_magnifica"
33.8667281531012,27.2916666666667,"Heteractis_magnifica"
214.489278302974,-16.5416666666667,"Heteractis_magnifica"
34.1157482130505,27.7916666666667,"Heteractis_magnifica"
34.4477749596495,28.0416666666667,"Heteractis_magnifica"
33.7007147798017,27.375,"Heteractis_magnifica"
34.3647682729998,26.0416666666667,"Heteractis_magnifica"
33.8667281531012,27.7916666666667,"Heteractis_magnifica"
145.427715010376,-14.625,"Heteractis_magnifica"
34.5307816462993,25.7916666666667,"Heteractis_magnifica"
33.949734839751,26.7916666666667,"Heteractis_magnifica"
121.106755821997,13.375,"Heteractis_magnifica"
130.569518100069,-2.20833333333333,"Heteractis_magnifica"
166.096379986166,-22.125,"Heteractis_magnifica"
33.8667281531012,27.5416666666667,"Heteractis_magnifica"
34.7798017062486,25.2083333333333,"Heteractis_magnifica"
33.7837214664515,27.625,"Heteractis_magnifica"
34.6137883329491,25.5416666666667,"Heteractis_magnifica"
34.7798017062486,25.2916666666667,"Heteractis_magnifica"
33.949734839751,27.125,"Heteractis_magnifica"
164.270232879871,-20.7083333333333,"Heteractis_magnifica"
33.8667281531012,27.375,"Heteractis_magnifica"
97.6158635001153,8.70833333333334,"Heteractis_magnifica"
97.9478902467144,9.375,"Heteractis_magnifica"
97.7818768734148,8.79166666666667,"Heteractis_magnifica"
98.5289370532627,7.79166666666667,"Heteractis_magnifica"
98.8609637998617,7.45833333333334,"Heteractis_magnifica"
99.0269771731612,6.95833333333334,"Heteractis_magnifica"
97.7818768734148,9.04166666666667,"Heteractis_magnifica"
98.6119437399124,7.79166666666667,"Heteractis_magnifica"
97.6988701867651,8.54166666666667,"Heteractis_magnifica"
145.427715010376,-14.7083333333333,"Heteractis_magnifica"
34.9458150795481,24.9583333333333,"Heteractis_magnifica"
102.7622780724,5.875,"Heteractis_magnifica"
35.9418953193452,23.4583333333333,"Heteractis_magnifica"
36.2739220659442,22.875,"Heteractis_magnifica"
146.008761816924,-16.7916666666667,"Heteractis_magnifica"
45.2386442241181,-12.7916666666667,"Heteractis_magnifica"
72.7138575051879,3.54166666666667,"Heteractis_magnifica"
72.7968641918377,3.95833333333334,"Heteractis_magnifica"
32.6216278533549,-27.5416666666667,"Heteractis_magnifica"
55.7804934286373,-4.29166666666666,"Heteractis_magnifica"
33.7837214664515,27.4583333333333,"Heteractis_magnifica"
73.5439243716855,4.29166666666667,"Heteractis_magnifica"
73.4609176850358,3.95833333333334,"Heteractis_magnifica"
32.7046345400046,-27.5416666666667,"Heteractis_magnifica"
72.7138575051879,3.625,"Heteractis_magnifica"
72.8798708784875,3.875,"Heteractis_magnifica"
72.7968641918377,4.125,"Heteractis_magnifica"
35.5268618860964,24.2916666666667,"Heteractis_magnifica"
99.8570440396588,10.125,"Heteractis_magnifica"
99.774037353009,10.125,"Heteractis_magnifica"
35.6098685727462,24.0416666666667,"Heteractis_magnifica"
73.4609176850358,3.29166666666667,"Heteractis_magnifica"
73.4609176850358,3.875,"Heteractis_magnifica"
73.4609176850358,3.20833333333334,"Heteractis_magnifica"
73.5439243716855,2.95833333333334,"Heteractis_magnifica"
118.948581969103,-17.625,"Heteractis_magnifica"
119.363615402352,-17.375,"Heteractis_magnifica"
92.4694489278303,11.4583333333333,"Heteractis_magnifica"
118.699561909154,4.20833333333334,"Heteractis_magnifica"
33.8667281531012,27.2083333333333,"Heteractis_magnifica"
219.054646068711,-18.2083333333333,"Heteractis_magnifica"
73.5439243716855,4.20833333333334,"Heteractis_magnifica"
37.3530089923911,20.7916666666667,"Heteractis_magnifica"
208.595803550842,-16.7916666666667,"Heteractis_magnifica"
55.5314733686881,-4.625,"Heteractis_magnifica"
98.6949504265622,7.70833333333334,"Heteractis_magnifica"
48.3098916301591,-13.375,"Heteractis_magnifica"
48.2268849435094,-13.2916666666667,"Heteractis_magnifica"
48.3928983168089,-13.4583333333333,"Heteractis_magnifica"
48.3098916301591,-13.4583333333333,"Heteractis_magnifica"
122.102836061794,6.875,"Heteractis_magnifica"
128.162324187226,-3.625,"Heteractis_magnifica"
191.828452847591,-14.5416666666667,"Heteractis_magnifica"
128.079317500576,-2.95833333333333,"Heteractis_magnifica"
132.727691952963,-5.70833333333333,"Heteractis_magnifica"
145.510721697026,-14.7083333333333,"Heteractis_magnifica"
145.510721697026,-14.625,"Heteractis_magnifica"
145.676735070325,-15.5416666666667,"Heteractis_magnifica"
145.759741756975,-5.125,"Heteractis_magnifica"
146.257781876873,-4.79166666666666,"Heteractis_magnifica"
45.1556375374683,-12.7916666666667,"Heteractis_magnifica"
32.1235877334563,-28.9583333333333,"Heteractis_magnifica"
55.6974867419876,-4.54166666666666,"Heteractis_magnifica"
55.4484666820383,-4.625,"Heteractis_magnifica"
55.3654599953885,-5.875,"Heteractis_magnifica"
109.402813004381,12.7916666666667,"Heteractis_magnifica"
101.268157712705,10.7916666666667,"Heteractis_magnifica"
103.343324878949,4.125,"Heteractis_magnifica"
124.178003228038,24.4583333333333,"Heteractis_magnifica"
53.6223195757436,-5.70833333333333,"Heteractis_magnifica"
55.3654599953885,-4.625,"Heteractis_magnifica"
101.102144339405,3.45833333333334,"Heteractis_magnifica"
153.147336868803,-26.625,"Heteractis_malu"
115.462301129813,-33.4583333333333,"Heteractis_malu"
120.940742448697,13.4583333333333,"Heteractis_malu"
145.427715010376,-14.625,"Heteractis_malu"
153.479363615402,-27.4583333333333,"Heteractis_malu"
153.562370302052,-27.375,"Heteractis_malu"
153.479363615402,-27.125,"Heteractis_malu"
153.562370302052,-27.4583333333333,"Heteractis_malu"
136.712012912151,-12.2083333333333,"Heteractis_malu"
189.338252248098,-14.2916666666667,"Heteractis_malu"
124.427023287987,-15.5416666666667,"Heteractis_malu"
115.628314503113,-32.2916666666667,"Heteractis_malu"
153.396356928753,-27.375,"Heteractis_malu"
125.008070094535,-15.0416666666667,"Heteractis_malu"
125.340096841134,24.7083333333333,"Heteractis_malu"
202.121281992161,21.2916666666667,"Heteractis_malu"
122.268849435093,-17.9583333333333,"Heteractis_malu"
142.273460917685,-9.875,"Heteractis_malu"
145.676735070325,-15.5416666666667,"Heteractis_malu"
113.885174083468,-25.875,"Heteractis_malu"
193.903620013834,23.7083333333333,"Heteractis_malu"
106.829605718238,-6.04166666666666,"Heteractis_malu"
192.07747290754,25.0416666666667,"Heteractis_malu"
109.402813004381,12.7916666666667,"Heteractis_malu"
202.121281992161,21.5416666666667,"Heteractis_malu"
189.421258934748,25.4583333333333,"Heteractis_malu"
193.820613327185,23.7916666666667,"Heteractis_malu"
113.636154023519,-23.625,"Heteractis_malu"
120.691722388748,-9.95833333333333,"Heteractis_malu"
125.091076781185,1.45833333333334,"Heteractis_malu"
115.296287756514,-8.70833333333333,"Heteractis_malu"
166.511413419414,-22.4583333333333,"Heteractis_crispa"
167.424486972562,-21.0416666666667,"Heteractis_crispa"
210.089923910537,-17.5416666666667,"Heteractis_crispa"
33.949734839751,26.875,"Heteractis_crispa"
33.949734839751,26.7916666666667,"Heteractis_crispa"
34.0327415264008,26.625,"Heteractis_crispa"
165.432326492968,-20.875,"Heteractis_crispa"
164.270232879871,-20.625,"Heteractis_crispa"
165.349319806318,-20.875,"Heteractis_crispa"
34.1157482130505,26.7083333333333,"Heteractis_crispa"
34.1157482130505,26.625,"Heteractis_crispa"
45.0726308508186,-12.9583333333333,"Heteractis_crispa"
34.8628083928983,25.2916666666667,"Heteractis_crispa"
34.7798017062486,25.2083333333333,"Heteractis_crispa"
118.533548535854,2.29166666666667,"Heteractis_crispa"
118.616555222504,2.20833333333334,"Heteractis_crispa"
35.2778418261471,24.625,"Heteractis_crispa"
34.7798017062486,25.375,"Heteractis_crispa"
39.5111828452848,-6.20833333333333,"Heteractis_crispa"
58.6857274613789,23.5416666666667,"Heteractis_crispa"
145.427715010376,-14.7083333333333,"Heteractis_crispa"
58.5197140880793,23.625,"Heteractis_crispa"
33.7837214664515,27.625,"Heteractis_crispa"
33.8667281531012,27.2916666666667,"Heteractis_crispa"
41.4203366382292,16.9583333333333,"Heteractis_crispa"
38.8471293520867,21.7916666666667,"Heteractis_crispa"
145.510721697026,-14.7083333333333,"Heteractis_crispa"
123.098916301591,-12.2916666666667,"Heteractis_crispa"
145.593728383675,-14.625,"Heteractis_crispa"
145.427715010376,-14.625,"Heteractis_crispa"
72.7138575051879,3.625,"Heteractis_crispa"
32.7046345400046,-27.5416666666667,"Heteractis_crispa"
99.8570440396588,10.125,"Heteractis_crispa"
98.3629236799631,7.95833333333334,"Heteractis_crispa"
153.562370302052,-27.375,"Heteractis_crispa"
33.8667281531012,27.375,"Heteractis_crispa"
33.949734839751,27.2083333333333,"Heteractis_crispa"
151.902236569057,7.45833333333334,"Heteractis_crispa"
33.7837214664515,27.7083333333333,"Heteractis_crispa"
124.510029974637,-15.4583333333333,"Heteractis_crispa"
147.751902236569,-18.9583333333333,"Heteractis_crispa"
125.340096841134,-15.125,"Heteractis_crispa"
123.015909614941,-12.2916666666667,"Heteractis_crispa"
166.262393359465,-22.2083333333333,"Heteractis_crispa"
167.009453539313,-22.2083333333333,"Heteractis_crispa"
166.428406732765,-22.2083333333333,"Heteractis_crispa"
166.428406732765,-22.2916666666667,"Heteractis_crispa"
115.379294443164,-20.7083333333333,"Heteractis_crispa"
48.2268849435094,-13.375,"Heteractis_crispa"
175.559142264238,-1.875,"Heteractis_crispa"
128.162324187226,-3.625,"Heteractis_crispa"
127.415264007378,0.791666666666671,"Heteractis_crispa"
128.079317500576,-2.95833333333333,"Heteractis_crispa"
132.727691952963,-5.70833333333333,"Heteractis_crispa"
142.273460917685,-9.875,"Heteractis_crispa"
145.510721697026,-14.625,"Heteractis_crispa"
145.676735070325,-15.5416666666667,"Heteractis_crispa"
145.759741756975,-5.125,"Heteractis_crispa"
150.74014295596,-5.54166666666666,"Heteractis_crispa"
151.902236569057,-23.4583333333333,"Heteractis_crispa"
153.064330182154,-30.7916666666667,"Heteractis_crispa"
153.147336868803,-26.625,"Heteractis_crispa"
153.396356928753,-29.9583333333333,"Heteractis_crispa"
153.396356928753,-27.2083333333333,"Heteractis_crispa"
153.396356928753,-30.125,"Heteractis_crispa"
153.645376988702,-28.2916666666667,"Heteractis_crispa"
153.645376988702,-28.625,"Heteractis_crispa"
53.2902928291446,-5.70833333333333,"Heteractis_crispa"
55.3654599953885,-5.875,"Heteractis_crispa"
53.2902928291446,-5.45833333333333,"Heteractis_crispa"
55.8635001152871,-4.375,"Heteractis_crispa"
55.5314733686881,-4.79166666666666,"Heteractis_crispa"
128.079317500576,-3.625,"Heteractis_crispa"
118.284528475905,-8.375,"Heteractis_crispa"
123.762969794789,-5.875,"Heteractis_crispa"
120.442702328799,-6.45833333333333,"Heteractis_crispa"
120.774729075398,-9.95833333333333,"Heteractis_crispa"
123.928983168089,-5.79166666666666,"Heteractis_crispa"
124.011989854738,10.2083333333333,"Heteractis_crispa"
119.280608715702,-4.95833333333333,"Heteractis_crispa"
119.363615402352,-5.04166666666666,"Heteractis_crispa"
119.280608715702,-5.125,"Heteractis_crispa"
99.2759972331105,7.29166666666667,"Cryptodendrum_adhaesivum"
124.759050034586,0.875,"Cryptodendrum_adhaesivum"
39.2621627853355,-5.79166666666666,"Cryptodendrum_adhaesivum"
197.887940973023,5.875,"Cryptodendrum_adhaesivum"
125.091076781185,1.70833333333334,"Cryptodendrum_adhaesivum"
115.462301129813,-8.54166666666666,"Cryptodendrum_adhaesivum"
122.268849435093,12.5416666666667,"Cryptodendrum_adhaesivum"
166.428406732765,-22.2916666666667,"Cryptodendrum_adhaesivum"
177.551302743832,-16.7083333333333,"Cryptodendrum_adhaesivum"
34.7798017062486,25.2083333333333,"Cryptodendrum_adhaesivum"
167.424486972562,-22.625,"Cryptodendrum_adhaesivum"
118.865575282453,4.625,"Cryptodendrum_adhaesivum"
34.4477749596495,25.875,"Cryptodendrum_adhaesivum"
166.428406732765,-22.375,"Cryptodendrum_adhaesivum"
166.262393359465,-22.2916666666667,"Cryptodendrum_adhaesivum"
123.928983168089,10.2916666666667,"Cryptodendrum_adhaesivum"
163.938206133272,-19.7083333333333,"Cryptodendrum_adhaesivum"
167.424486972562,-21.0416666666667,"Cryptodendrum_adhaesivum"
123.264929674891,9.29166666666667,"Cryptodendrum_adhaesivum"
39.5111828452848,-6.29166666666666,"Cryptodendrum_adhaesivum"
114.217200830067,-22.0416666666667,"Cryptodendrum_adhaesivum"
130.735531473369,-0.458333333333329,"Cryptodendrum_adhaesivum"
114.549227576666,-8.125,"Cryptodendrum_adhaesivum"
168.337560525709,-17.7916666666667,"Cryptodendrum_adhaesivum"
34.7798017062486,25.375,"Cryptodendrum_adhaesivum"
164.021212819922,-19.7916666666667,"Cryptodendrum_adhaesivum"
72.7968641918377,3.875,"Cryptodendrum_adhaesivum"
72.7968641918377,3.625,"Cryptodendrum_adhaesivum"
39.7602029052341,-7.95833333333333,"Cryptodendrum_adhaesivum"
167.424486972562,-22.5416666666667,"Cryptodendrum_adhaesivum"
99.2759972331105,6.54166666666667,"Cryptodendrum_adhaesivum"
99.3590039197602,6.45833333333334,"Cryptodendrum_adhaesivum"
99.2759972331105,6.45833333333334,"Cryptodendrum_adhaesivum"
164.270232879871,-20.625,"Cryptodendrum_adhaesivum"
33.949734839751,26.9583333333333,"Cryptodendrum_adhaesivum"
33.8667281531012,27.2916666666667,"Cryptodendrum_adhaesivum"
33.8667281531012,27.375,"Cryptodendrum_adhaesivum"
178.962416416878,-17.0416666666667,"Cryptodendrum_adhaesivum"
118.699561909154,4.20833333333334,"Cryptodendrum_adhaesivum"
118.616555222504,4.29166666666667,"Cryptodendrum_adhaesivum"
98.7779571132119,7.70833333333334,"Cryptodendrum_adhaesivum"
122.434862808393,-8.45833333333333,"Cryptodendrum_adhaesivum"
39.3451694719853,-5.79166666666666,"Cryptodendrum_adhaesivum"
123.928983168089,-5.79166666666666,"Cryptodendrum_adhaesivum"
178.049342863731,-18.375,"Cryptodendrum_adhaesivum"
34.7798017062486,25.2916666666667,"Cryptodendrum_adhaesivum"
44.9896241641688,-12.9583333333333,"Cryptodendrum_adhaesivum"
177.219275997233,-17.2083333333333,"Cryptodendrum_adhaesivum"
99.1929905464607,7.45833333333334,"Cryptodendrum_adhaesivum"
166.511413419414,-22.4583333333333,"Cryptodendrum_adhaesivum"
179.875489970025,-16.7916666666667,"Cryptodendrum_adhaesivum"
165.432326492968,-20.875,"Cryptodendrum_adhaesivum"
184.855891169011,-21.125,"Cryptodendrum_adhaesivum"
72.8798708784875,3.54166666666667,"Cryptodendrum_adhaesivum"
73.2949043117362,2.375,"Cryptodendrum_adhaesivum"
40.0092229651833,-3.375,"Cryptodendrum_adhaesivum"
208.595803550842,-16.7916666666667,"Cryptodendrum_adhaesivum"
120.774729075398,21.875,"Cryptodendrum_adhaesivum"
165.930366612866,-21.9583333333333,"Cryptodendrum_adhaesivum"
34.1157482130505,26.7083333333333,"Cryptodendrum_adhaesivum"
33.949734839751,26.875,"Cryptodendrum_adhaesivum"
115.296287756514,-8.625,"Cryptodendrum_adhaesivum"
219.884712935209,-8.875,"Cryptodendrum_adhaesivum"
109.319806317731,12.2083333333333,"Cryptodendrum_adhaesivum"
98.7779571132119,7.95833333333334,"Cryptodendrum_adhaesivum"
33.949734839751,26.7916666666667,"Cryptodendrum_adhaesivum"
121.106755821997,13.375,"Cryptodendrum_adhaesivum"
73.2118976250865,0.291666666666671,"Cryptodendrum_adhaesivum"
145.593728383675,-14.625,"Cryptodendrum_adhaesivum"
34.0327415264008,26.5416666666667,"Cryptodendrum_adhaesivum"
145.427715010376,-14.625,"Cryptodendrum_adhaesivum"
103.758358312197,1.20833333333334,"Cryptodendrum_adhaesivum"
212.414111136731,-15.0416666666667,"Cryptodendrum_adhaesivum"
97.7818768734148,9.04166666666667,"Cryptodendrum_adhaesivum"
167.673507032511,8.79166666666667,"Cryptodendrum_adhaesivum"
39.0131427253862,22.2916666666667,"Cryptodendrum_adhaesivum"
124.011989854738,10.2083333333333,"Cryptodendrum_adhaesivum"
167.590500345861,9.04166666666667,"Cryptodendrum_adhaesivum"
145.427715010376,-14.7083333333333,"Cryptodendrum_adhaesivum"
167.673507032511,8.875,"Cryptodendrum_adhaesivum"
73.4609176850358,3.875,"Cryptodendrum_adhaesivum"
73.4609176850358,3.625,"Cryptodendrum_adhaesivum"
73.4609176850358,3.95833333333334,"Cryptodendrum_adhaesivum"
98.2799169933134,10.625,"Cryptodendrum_adhaesivum"
41.5863500115287,16.875,"Cryptodendrum_adhaesivum"
32.7046345400046,-27.5416666666667,"Cryptodendrum_adhaesivum"
167.507493659211,9.125,"Cryptodendrum_adhaesivum"
167.673507032511,8.95833333333334,"Cryptodendrum_adhaesivum"
123.34793636154,-11.875,"Cryptodendrum_adhaesivum"
38.9301360387365,21.7083333333333,"Cryptodendrum_adhaesivum"
146.091768503574,-17.2083333333333,"Cryptodendrum_adhaesivum"
166.511413419414,-22.2916666666667,"Cryptodendrum_adhaesivum"
73.4609176850358,2.04166666666667,"Cryptodendrum_adhaesivum"
125.091076781185,1.45833333333334,"Cryptodendrum_adhaesivum"
165.100299746368,-20.625,"Cryptodendrum_adhaesivum"
164.51925293982,-20.9583333333333,"Cryptodendrum_adhaesivum"
167.673507032511,9.04166666666667,"Cryptodendrum_adhaesivum"
39.2621627853355,-5.70833333333333,"Cryptodendrum_adhaesivum"
165.515333179617,-21.7083333333333,"Cryptodendrum_adhaesivum"
178.13234955038,-18.375,"Cryptodendrum_adhaesivum"
167.590500345861,8.95833333333334,"Cryptodendrum_adhaesivum"
208.678810237491,-22.4583333333333,"Cryptodendrum_adhaesivum"
145.759741756975,-15.5416666666667,"Cryptodendrum_adhaesivum"
145.759741756975,-15.4583333333333,"Cryptodendrum_adhaesivum"
168.254553839059,-17.625,"Cryptodendrum_adhaesivum"
123.015909614941,-12.2916666666667,"Cryptodendrum_adhaesivum"
132.146645146415,-11.2083333333333,"Cryptodendrum_adhaesivum"
168.00553377911,-29.0416666666667,"Cryptodendrum_adhaesivum"
73.5439243716855,4.20833333333334,"Cryptodendrum_adhaesivum"
151.736223195757,-23.2916666666667,"Cryptodendrum_adhaesivum"
191.828452847591,-14.5416666666667,"Cryptodendrum_adhaesivum"
128.079317500576,-2.95833333333333,"Cryptodendrum_adhaesivum"
130.984551533318,-1.375,"Cryptodendrum_adhaesivum"
131.316578279917,-4.04166666666666,"Cryptodendrum_adhaesivum"
144.09960802398,-9.95833333333333,"Cryptodendrum_adhaesivum"
145.759741756975,-5.125,"Cryptodendrum_adhaesivum"
153.147336868803,-26.625,"Cryptodendrum_adhaesivum"
153.396356928753,-27.2083333333333,"Cryptodendrum_adhaesivum"
171.076781185151,7.20833333333334,"Cryptodendrum_adhaesivum"
171.57482130505,7.04166666666667,"Cryptodendrum_adhaesivum"
136.712012912151,-12.2083333333333,"Cryptodendrum_adhaesivum"
162.361079086927,11.4583333333333,"Cryptodendrum_adhaesivum"
55.3654599953885,-5.875,"Cryptodendrum_adhaesivum"
34.28176158635,26.125,"Cryptodendrum_adhaesivum"
72.9628775651372,3.95833333333334,"Cryptodendrum_adhaesivum"
109.402813004381,12.7916666666667,"Cryptodendrum_adhaesivum"
128.079317500576,-3.625,"Cryptodendrum_adhaesivum"
123.762969794789,-5.875,"Cryptodendrum_adhaesivum"
128.162324187226,-3.625,"Cryptodendrum_adhaesivum"
119.778648835601,-19.875,"Macrodactyla_doreensis"
145.427715010376,-14.7083333333333,"Macrodactyla_doreensis"
120.608715702098,13.875,"Macrodactyla_doreensis"
153.396356928753,-27.4583333333333,"Macrodactyla_doreensis"
122.102836061794,-17.4583333333333,"Macrodactyla_doreensis"
123.098916301591,-12.2083333333333,"Macrodactyla_doreensis"
128.162324187226,-3.625,"Macrodactyla_doreensis"
142.273460917685,-9.875,"Macrodactyla_doreensis"
145.510721697026,-14.625,"Macrodactyla_doreensis"
145.759741756975,-5.125,"Macrodactyla_doreensis"
153.396356928753,-27.2083333333333,"Macrodactyla_doreensis"
136.712012912151,-12.2083333333333,"Macrodactyla_doreensis"
119.280608715702,-5.54166666666666,"Macrodactyla_doreensis"
109.402813004381,12.7916666666667,"Macrodactyla_doreensis"
121.106755821997,-6.45833333333333,"Macrodactyla_doreensis"
120.442702328799,-6.45833333333333,"Macrodactyla_doreensis"
123.845976481439,9.95833333333334,"Macrodactyla_doreensis"
119.280608715702,-5.125,"Macrodactyla_doreensis"
119.363615402352,-5.125,"Macrodactyla_doreensis"
125.091076781185,1.45833333333334,"Macrodactyla_doreensis"
73.4609176850358,3.95833333333334,"Stichodactyla_mertensii"
183.859810929214,-13.2916666666667,"Stichodactyla_mertensii"
181.61863038967,-19.125,"Stichodactyla_mertensii"
72.9628775651372,4.29166666666667,"Stichodactyla_mertensii"
99.9400507263085,9.79166666666667,"Stichodactyla_mertensii"
177.136269310583,-17.2083333333333,"Stichodactyla_mertensii"
123.264929674891,9.29166666666667,"Stichodactyla_mertensii"
134.304818999308,7.29166666666667,"Stichodactyla_mertensii"
103.758358312197,1.20833333333334,"Stichodactyla_mertensii"
166.262393359465,-22.2083333333333,"Stichodactyla_mertensii"
180.124510029975,-16.875,"Stichodactyla_mertensii"
119.778648835601,-8.54166666666666,"Stichodactyla_mertensii"
119.778648835601,-8.375,"Stichodactyla_mertensii"
43.5785104911229,-23.125,"Stichodactyla_mertensii"
145.427715010376,-14.625,"Stichodactyla_mertensii"
166.594420106064,-22.5416666666667,"Stichodactyla_mertensii"
168.254553839059,-17.625,"Stichodactyla_mertensii"
178.547382983629,-18.7916666666667,"Stichodactyla_mertensii"
165.183306433018,-20.625,"Stichodactyla_mertensii"
145.842748443625,-16.0416666666667,"Stichodactyla_mertensii"
165.349319806318,-20.875,"Stichodactyla_mertensii"
165.515333179617,-21.7083333333333,"Stichodactyla_mertensii"
165.432326492968,-20.875,"Stichodactyla_mertensii"
165.017293059719,-20.625,"Stichodactyla_mertensii"
165.100299746368,-20.625,"Stichodactyla_mertensii"
164.270232879871,-20.625,"Stichodactyla_mertensii"
178.21535623703,-17.2916666666667,"Stichodactyla_mertensii"
166.428406732765,-22.2916666666667,"Stichodactyla_mertensii"
72.7968641918377,3.70833333333334,"Stichodactyla_mertensii"
167.424486972562,-21.0416666666667,"Stichodactyla_mertensii"
119.9446622089,8.70833333333334,"Stichodactyla_mertensii"
164.68526631312,-21.0416666666667,"Stichodactyla_mertensii"
119.363615402352,11.125,"Stichodactyla_mertensii"
178.962416416878,-17.0416666666667,"Stichodactyla_mertensii"
179.294443163477,-16.7916666666667,"Stichodactyla_mertensii"
73.5439243716855,4.20833333333334,"Stichodactyla_mertensii"
130.735531473369,-0.458333333333329,"Stichodactyla_mertensii"
43.6615171777727,-12.375,"Stichodactyla_mertensii"
145.344708323726,-14.375,"Stichodactyla_mertensii"
177.136269310583,-17.7083333333333,"Stichodactyla_mertensii"
177.219275997233,-17.7916666666667,"Stichodactyla_mertensii"
123.928983168089,-5.79166666666666,"Stichodactyla_mertensii"
118.533548535854,2.29166666666667,"Stichodactyla_mertensii"
125.091076781185,1.70833333333334,"Stichodactyla_mertensii"
125.091076781185,1.79166666666667,"Stichodactyla_mertensii"
158.210744754439,-8.70833333333333,"Stichodactyla_mertensii"
167.424486972562,-22.625,"Stichodactyla_mertensii"
119.363615402352,-17.375,"Stichodactyla_mertensii"
124.011989854738,10.2916666666667,"Stichodactyla_mertensii"
166.428406732765,-22.375,"Stichodactyla_mertensii"
164.270232879871,-20.7083333333333,"Stichodactyla_mertensii"
146.506801936823,-17.875,"Stichodactyla_mertensii"
167.424486972562,-22.5416666666667,"Stichodactyla_mertensii"
181.452617016371,-19.125,"Stichodactyla_mertensii"
179.958496656675,-16.7083333333333,"Stichodactyla_mertensii"
114.051187456767,-7.20833333333333,"Stichodactyla_mertensii"
73.2949043117362,2.375,"Stichodactyla_mertensii"
72.8798708784875,3.54166666666667,"Stichodactyla_mertensii"
118.948581969103,4.54166666666667,"Stichodactyla_mertensii"
39.2621627853355,-6.375,"Stichodactyla_mertensii"
134.304818999308,7.04166666666667,"Stichodactyla_mertensii"
134.304818999308,7.20833333333334,"Stichodactyla_mertensii"
114.134194143417,-21.7916666666667,"Stichodactyla_mertensii"
166.345400046115,-21.625,"Stichodactyla_mertensii"
164.104219506571,-20.5416666666667,"Stichodactyla_mertensii"
99.2759972331105,6.54166666666667,"Stichodactyla_mertensii"
99.3590039197602,6.54166666666667,"Stichodactyla_mertensii"
130.735531473369,-0.541666666666664,"Stichodactyla_mertensii"
69.0615632925986,22.4583333333333,"Stichodactyla_mertensii"
145.759741756975,-15.4583333333333,"Stichodactyla_mertensii"
178.38136961033,-19.0416666666667,"Stichodactyla_mertensii"
179.875489970025,-16.7916666666667,"Stichodactyla_mertensii"
39.3451694719853,-5.79166666666666,"Stichodactyla_mertensii"
120.193682268849,12.0416666666667,"Stichodactyla_mertensii"
130.652524786719,-0.791666666666664,"Stichodactyla_mertensii"
166.262393359465,-22.2916666666667,"Stichodactyla_mertensii"
73.2118976250865,0.291666666666671,"Stichodactyla_mertensii"
119.612635462301,-8.54166666666666,"Stichodactyla_mertensii"
45.2386442241181,-12.875,"Stichodactyla_mertensii"
124.759050034586,1.45833333333334,"Stichodactyla_mertensii"
49.8040119898548,-17.125,"Stichodactyla_mertensii"
145.427715010376,-14.7083333333333,"Stichodactyla_mertensii"
38.9301360387365,22.2916666666667,"Stichodactyla_mertensii"
122.268849435093,12.5416666666667,"Stichodactyla_mertensii"
45.2386442241181,-12.9583333333333,"Stichodactyla_mertensii"
73.709937744985,3.45833333333334,"Stichodactyla_mertensii"
45.2386442241181,-12.7916666666667,"Stichodactyla_mertensii"
45.0726308508186,-12.7083333333333,"Stichodactyla_mertensii"
45.1556375374683,12.7083333333333,"Stichodactyla_mertensii"
55.7804934286373,-4.375,"Stichodactyla_mertensii"
73.2118976250865,6.125,"Stichodactyla_mertensii"
145.510721697026,-14.7083333333333,"Stichodactyla_mertensii"
103.260318192299,5.20833333333334,"Stichodactyla_mertensii"
73.4609176850358,4.125,"Stichodactyla_mertensii"
145.510721697026,-14.4583333333333,"Stichodactyla_mertensii"
72.9628775651372,3.625,"Stichodactyla_mertensii"
115.628314503113,5.70833333333334,"Stichodactyla_mertensii"
72.7138575051879,3.625,"Stichodactyla_mertensii"
38.8471293520867,21.7083333333333,"Stichodactyla_mertensii"
73.4609176850358,2.04166666666667,"Stichodactyla_mertensii"
145.676735070325,-15.0416666666667,"Stichodactyla_mertensii"
130.569518100069,-0.541666666666664,"Stichodactyla_mertensii"
109.236799631081,12.2916666666667,"Stichodactyla_mertensii"
72.8798708784875,4.125,"Stichodactyla_mertensii"
73.5439243716855,4.29166666666667,"Stichodactyla_mertensii"
165.432326492968,-21.625,"Stichodactyla_mertensii"
178.46437629698,-17.375,"Stichodactyla_mertensii"
164.51925293982,-20.9583333333333,"Stichodactyla_mertensii"
115.130274383214,-8.70833333333333,"Stichodactyla_mertensii"
134.636845745907,7.45833333333334,"Stichodactyla_mertensii"
149.412035969564,-20.7916666666667,"Stichodactyla_mertensii"
123.015909614941,-12.2916666666667,"Stichodactyla_mertensii"
123.762969794789,-5.875,"Stichodactyla_mertensii"
128.162324187226,-3.625,"Stichodactyla_mertensii"
132.727691952963,-5.70833333333333,"Stichodactyla_mertensii"
145.510721697026,-14.625,"Stichodactyla_mertensii"
145.510721697026,-14.5416666666667,"Stichodactyla_mertensii"
145.759741756975,-5.125,"Stichodactyla_mertensii"
179.377449850127,-17.875,"Stichodactyla_mertensii"
45.1556375374683,-12.7916666666667,"Stichodactyla_mertensii"
32.1235877334563,-28.9583333333333,"Stichodactyla_mertensii"
53.2902928291446,-5.79166666666666,"Stichodactyla_mertensii"
53.2902928291446,-5.45833333333333,"Stichodactyla_mertensii"
103.343324878949,4.125,"Stichodactyla_mertensii"
55.5314733686881,-4.625,"Stichodactyla_mertensii"
109.402813004381,12.7916666666667,"Stichodactyla_mertensii"
55.3654599953885,-5.875,"Stichodactyla_mertensii"
101.268157712705,10.7916666666667,"Stichodactyla_mertensii"
127.913304127277,26.7083333333333,"Stichodactyla_mertensii"
127.249250634079,26.2083333333333,"Stichodactyla_mertensii"
72.9628775651372,3.95833333333334,"Stichodactyla_mertensii"
128.079317500576,-2.95833333333333,"Stichodactyla_mertensii"
162.195065713627,11.625,"Stichodactyla_mertensii"
106.829605718238,-6.04166666666666,"Stichodactyla_mertensii"
55.199446622089,-3.79166666666666,"Stichodactyla_mertensii"
119.529628775651,-8.54166666666666,"Stichodactyla_mertensii"
118.284528475905,-8.375,"Stichodactyla_mertensii"
103.758358312197,1.20833333333334,"Stichodactyla_gigantea"
92.9674890477289,12.0416666666667,"Stichodactyla_gigantea"
103.841364998847,1.20833333333334,"Stichodactyla_gigantea"
103.758358312197,1.29166666666667,"Stichodactyla_gigantea"
103.841364998847,1.29166666666667,"Stichodactyla_gigantea"
116.043347936362,5.95833333333334,"Stichodactyla_gigantea"
144.01660133733,-9.95833333333333,"Stichodactyla_gigantea"
166.262393359465,-22.2916666666667,"Stichodactyla_gigantea"
166.428406732765,-22.2916666666667,"Stichodactyla_gigantea"
103.924371685497,1.29166666666667,"Stichodactyla_gigantea"
127.913304127277,26.4583333333333,"Stichodactyla_gigantea"
120.940742448697,13.4583333333333,"Stichodactyla_gigantea"
99.9400507263085,9.79166666666667,"Stichodactyla_gigantea"
103.592344938898,1.29166666666667,"Stichodactyla_gigantea"
119.778648835601,-8.45833333333333,"Stichodactyla_gigantea"
119.86165552225,-8.45833333333333,"Stichodactyla_gigantea"
119.778648835601,-8.54166666666666,"Stichodactyla_gigantea"
119.778648835601,-8.375,"Stichodactyla_gigantea"
120.774729075398,21.875,"Stichodactyla_gigantea"
92.8014756744294,12.125,"Stichodactyla_gigantea"
104.007378372147,1.29166666666667,"Stichodactyla_gigantea"
165.432326492968,-21.625,"Stichodactyla_gigantea"
123.34793636154,9.54166666666667,"Stichodactyla_gigantea"
118.865575282453,4.625,"Stichodactyla_gigantea"
166.096379986166,-21.4583333333333,"Stichodactyla_gigantea"
166.511413419414,-22.2916666666667,"Stichodactyla_gigantea"
123.928983168089,-5.79166666666666,"Stichodactyla_gigantea"
164.934286373069,-21.375,"Stichodactyla_gigantea"
158.210744754439,-8.70833333333333,"Stichodactyla_gigantea"
125.091076781185,1.70833333333334,"Stichodactyla_gigantea"
103.675351625548,1.20833333333334,"Stichodactyla_gigantea"
106.41457228499,3.125,"Stichodactyla_gigantea"
146.838828683422,-19.125,"Stichodactyla_gigantea"
164.021212819922,-20.0416666666667,"Stichodactyla_gigantea"
146.091768503574,-17.2083333333333,"Stichodactyla_gigantea"
107.908692644685,-7.70833333333333,"Stichodactyla_gigantea"
145.427715010376,-14.7083333333333,"Stichodactyla_gigantea"
105.916532165091,-6.04166666666666,"Stichodactyla_gigantea"
106.580585658289,-5.625,"Stichodactyla_gigantea"
166.511413419414,-22.4583333333333,"Stichodactyla_gigantea"
109.319806317731,13.2916666666667,"Stichodactyla_gigantea"
116.043347936362,6.04166666666667,"Stichodactyla_gigantea"
115.296287756514,-8.70833333333333,"Stichodactyla_gigantea"
115.213281069864,-8.70833333333333,"Stichodactyla_gigantea"
115.213281069864,-8.79166666666666,"Stichodactyla_gigantea"
124.759050034586,1.625,"Stichodactyla_gigantea"
93.0504957343786,11.875,"Stichodactyla_gigantea"
130.652524786719,-0.541666666666664,"Stichodactyla_gigantea"
130.071477980171,0.208333333333336,"Stichodactyla_gigantea"
126.004150334333,9.875,"Stichodactyla_gigantea"
120.442702328799,22.375,"Stichodactyla_gigantea"
132.395665206364,-11.125,"Stichodactyla_gigantea"
112.391053723772,16.7916666666667,"Stichodactyla_gigantea"
119.612635462301,-8.54166666666666,"Stichodactyla_gigantea"
129.905464606871,-0.875,"Stichodactyla_gigantea"
123.59695642149,9.29166666666667,"Stichodactyla_gigantea"
146.506801936823,-18.625,"Stichodactyla_gigantea"
110.315886557528,-5.875,"Stichodactyla_gigantea"
165.349319806318,-20.9583333333333,"Stichodactyla_gigantea"
92.9674890477289,11.9583333333333,"Stichodactyla_gigantea"
145.261701637076,-14.625,"Stichodactyla_gigantea"
134.387825685958,7.29166666666667,"Stichodactyla_gigantea"
145.510721697026,-14.7083333333333,"Stichodactyla_gigantea"
123.43094304819,-16.125,"Stichodactyla_gigantea"
123.098916301591,-16.4583333333333,"Stichodactyla_gigantea"
132.727691952963,-5.625,"Stichodactyla_gigantea"
166.428406732765,-22.375,"Stichodactyla_gigantea"
48.4759050034586,-13.375,"Stichodactyla_gigantea"
48.2268849435094,-13.2916666666667,"Stichodactyla_gigantea"
48.2268849435094,-13.375,"Stichodactyla_gigantea"
48.2268849435094,-13.2083333333333,"Stichodactyla_gigantea"
48.1438782568596,-13.375,"Stichodactyla_gigantea"
48.1438782568596,-13.2916666666667,"Stichodactyla_gigantea"
128.079317500576,-2.95833333333333,"Stichodactyla_gigantea"
129.988471293521,-1.79166666666666,"Stichodactyla_gigantea"
132.727691952963,-5.70833333333333,"Stichodactyla_gigantea"
138.206133271847,9.54166666666667,"Stichodactyla_gigantea"
142.273460917685,-9.875,"Stichodactyla_gigantea"
145.510721697026,-14.625,"Stichodactyla_gigantea"
145.759741756975,-5.125,"Stichodactyla_gigantea"
147.33686880332,-18.4583333333333,"Stichodactyla_gigantea"
150.74014295596,-5.54166666666666,"Stichodactyla_gigantea"
152.151256629006,-3.375,"Stichodactyla_gigantea"
106.829605718238,-6.04166666666666,"Stichodactyla_gigantea"
127.913304127277,26.7083333333333,"Stichodactyla_gigantea"
118.616555222504,-20.2916666666667,"Heteractis_aurora"
114.300207516717,22.2916666666667,"Heteractis_aurora"
72.8798708784875,4.125,"Heteractis_aurora"
98.7779571132119,8.04166666666667,"Heteractis_aurora"
115.711321189763,-32.2083333333333,"Heteractis_aurora"
145.593728383675,-14.625,"Heteractis_aurora"
118.533548535854,-20.2916666666667,"Heteractis_aurora"
166.428406732765,-22.2916666666667,"Heteractis_aurora"
114.383214203366,22.2916666666667,"Heteractis_aurora"
125.091076781185,1.79166666666667,"Heteractis_aurora"
114.134194143417,-21.875,"Heteractis_aurora"
115.711321189763,-32.0416666666667,"Heteractis_aurora"
122.268849435093,-17.9583333333333,"Heteractis_aurora"
122.102836061794,-18.2916666666667,"Heteractis_aurora"
118.865575282453,4.625,"Heteractis_aurora"
134.387825685958,7.29166666666667,"Heteractis_aurora"
128.660364307125,-3.54166666666666,"Heteractis_aurora"
114.134194143417,-22.2083333333333,"Heteractis_aurora"
150.82314964261,-9.70833333333333,"Heteractis_aurora"
73.4609176850358,3.875,"Heteractis_aurora"
124.094996541388,11.375,"Heteractis_aurora"
123.264929674891,9.29166666666667,"Heteractis_aurora"
109.319806317731,12.2083333333333,"Heteractis_aurora"
167.424486972562,-21.0416666666667,"Heteractis_aurora"
114.383214203366,22.375,"Heteractis_aurora"
122.185842748444,-18.0416666666667,"Heteractis_aurora"
114.300207516717,-21.875,"Heteractis_aurora"
153.230343555453,-30.2083333333333,"Heteractis_aurora"
120.940742448697,13.4583333333333,"Heteractis_aurora"
39.2621627853355,-5.79166666666666,"Heteractis_aurora"
114.549227576666,-8.125,"Heteractis_aurora"
99.2759972331105,6.54166666666667,"Heteractis_aurora"
99.3590039197602,6.45833333333334,"Heteractis_aurora"
99.2759972331105,6.45833333333334,"Heteractis_aurora"
165.515333179617,-21.7083333333333,"Heteractis_aurora"
127.913304127277,26.7083333333333,"Heteractis_aurora"
122.185842748444,-17.9583333333333,"Heteractis_aurora"
115.628314503113,-32.2916666666667,"Heteractis_aurora"
164.68526631312,-21.0416666666667,"Heteractis_aurora"
123.928983168089,-5.79166666666666,"Heteractis_aurora"
119.363615402352,11.2083333333333,"Heteractis_aurora"
115.711321189763,-32.125,"Heteractis_aurora"
114.300207516717,22.2083333333333,"Heteractis_aurora"
181.61863038967,-19.125,"Heteractis_aurora"
98.7779571132119,7.70833333333334,"Heteractis_aurora"
40.1752363384828,-10.2916666666667,"Heteractis_aurora"
180.788563523173,-17.125,"Heteractis_aurora"
124.178003228038,11.2916666666667,"Heteractis_aurora"
125.091076781185,1.45833333333334,"Heteractis_aurora"
130.735531473369,-0.458333333333329,"Heteractis_aurora"
124.759050034586,1.625,"Heteractis_aurora"
166.511413419414,-22.2916666666667,"Heteractis_aurora"
114.134194143417,-21.7916666666667,"Heteractis_aurora"
125.091076781185,1.70833333333334,"Heteractis_aurora"
35.6098685727462,23.7083333333333,"Heteractis_aurora"
35.2778418261471,24.625,"Heteractis_aurora"
177.219275997233,-17.7916666666667,"Heteractis_aurora"
165.847359926216,-21.875,"Heteractis_aurora"
166.511413419414,-22.4583333333333,"Heteractis_aurora"
109.73483975098,18.2916666666667,"Heteractis_aurora"
99.1929905464607,7.375,"Heteractis_aurora"
171.3258012451,7.125,"Heteractis_aurora"
167.424486972562,-22.5416666666667,"Heteractis_aurora"
127.913304127277,26.375,"Heteractis_aurora"
32.7046345400046,-27.5416666666667,"Heteractis_aurora"
114.383214203366,22.5416666666667,"Heteractis_aurora"
73.2949043117362,2.375,"Heteractis_aurora"
72.8798708784875,3.54166666666667,"Heteractis_aurora"
72.7968641918377,3.875,"Heteractis_aurora"
97.8648835600646,9.375,"Heteractis_aurora"
98.0308969333641,9.375,"Heteractis_aurora"
115.545307816463,-32.0416666666667,"Heteractis_aurora"
97.7818768734148,8.79166666666667,"Heteractis_aurora"
116.873414802859,-20.7083333333333,"Heteractis_aurora"
117.537468296057,-8.375,"Heteractis_aurora"
120.691722388748,22.0416666666667,"Heteractis_aurora"
120.442702328799,22.2916666666667,"Heteractis_aurora"
130.569518100069,-2.20833333333333,"Heteractis_aurora"
35.5268618860964,-22.0416666666667,"Heteractis_aurora"
34.28176158635,26.125,"Heteractis_aurora"
34.1157482130505,26.625,"Heteractis_aurora"
34.7798017062486,25.2083333333333,"Heteractis_aurora"
152.732303435555,-24.125,"Heteractis_aurora"
39.2621627853355,-5.70833333333333,"Heteractis_aurora"
103.675351625548,4.79166666666667,"Heteractis_aurora"
115.296287756514,-8.79166666666666,"Heteractis_aurora"
115.296287756514,-8.625,"Heteractis_aurora"
124.759050034586,1.45833333333334,"Heteractis_aurora"
34.4477749596495,28.0416666666667,"Heteractis_aurora"
179.294443163477,-17.9583333333333,"Heteractis_aurora"
73.1288909384367,5.95833333333334,"Heteractis_aurora"
125.091076781185,10.2083333333333,"Heteractis_aurora"
115.877334563062,-8.70833333333333,"Heteractis_aurora"
119.114595342403,4.70833333333334,"Heteractis_aurora"
118.699561909154,4.29166666666667,"Heteractis_aurora"
118.616555222504,4.29166666666667,"Heteractis_aurora"
73.2118976250865,0.291666666666671,"Heteractis_aurora"
114.300207516717,22.375,"Heteractis_aurora"
48.1438782568596,-13.2916666666667,"Heteractis_aurora"
73.5439243716855,5.375,"Heteractis_aurora"
115.462301129813,-8.54166666666666,"Heteractis_aurora"
58.6857274613789,23.5416666666667,"Heteractis_aurora"
55.5314733686881,-4.70833333333333,"Heteractis_aurora"
128.079317500576,-3.625,"Heteractis_aurora"
131.897625086465,32.7083333333333,"Heteractis_aurora"
114.798247636615,-8.20833333333333,"Heteractis_aurora"
131.814618399816,2.875,"Heteractis_aurora"
97.6158635001153,8.70833333333334,"Heteractis_aurora"
179.875489970025,-16.7916666666667,"Heteractis_aurora"
33.949734839751,27.125,"Heteractis_aurora"
73.377910998386,4.625,"Heteractis_aurora"
145.925755130274,-16.7083333333333,"Heteractis_aurora"
33.8667281531012,27.2916666666667,"Heteractis_aurora"
38.8471293520867,22.375,"Heteractis_aurora"
127.830297440627,26.4583333333333,"Heteractis_aurora"
120.608715702098,13.875,"Heteractis_aurora"
120.608715702098,13.9583333333333,"Heteractis_aurora"
119.778648835601,-8.54166666666666,"Heteractis_aurora"
160.202905234033,-9.125,"Heteractis_aurora"
145.427715010376,-14.7083333333333,"Heteractis_aurora"
34.1157482130505,27.7916666666667,"Heteractis_aurora"
41.9183767581278,16.4583333333333,"Heteractis_aurora"
167.258473599262,-15.4583333333333,"Heteractis_aurora"
104.173391745446,2.79166666666667,"Heteractis_aurora"
34.1987548997003,26.2083333333333,"Heteractis_aurora"
33.8667281531012,27.5416666666667,"Heteractis_aurora"
157.961724694489,-8.54166666666666,"Heteractis_aurora"
33.8667281531012,27.2083333333333,"Heteractis_aurora"
73.4609176850358,2.04166666666667,"Heteractis_aurora"
73.5439243716855,4.29166666666667,"Heteractis_aurora"
164.768272999769,-21.2083333333333,"Heteractis_aurora"
69.8916301590962,22.4583333333333,"Heteractis_aurora"
56.3615402351856,25.7916666666667,"Heteractis_aurora"
165.100299746368,-20.625,"Heteractis_aurora"
164.934286373069,-21.375,"Heteractis_aurora"
39.3451694719853,-5.79166666666666,"Heteractis_aurora"
73.4609176850358,3.95833333333334,"Heteractis_aurora"
104.505418492045,2.45833333333334,"Heteractis_aurora"
165.017293059719,-20.625,"Heteractis_aurora"
160.036891860733,-8.95833333333333,"Heteractis_aurora"
33.7837214664515,27.2916666666667,"Heteractis_aurora"
132.727691952963,-5.45833333333333,"Heteractis_aurora"
118.616555222504,-20.2916666666667,"Stichodactyla_haddoni"
104.007378372147,1.375,"Stichodactyla_haddoni"
166.428406732765,-22.2916666666667,"Stichodactyla_haddoni"
69.7256167857967,22.4583333333333,"Stichodactyla_haddoni"
103.924371685497,1.375,"Stichodactyla_haddoni"
103.841364998847,1.20833333333334,"Stichodactyla_haddoni"
103.924371685497,1.29166666666667,"Stichodactyla_haddoni"
118.533548535854,-20.2916666666667,"Stichodactyla_haddoni"
177.385289370533,-16.9583333333333,"Stichodactyla_haddoni"
103.758358312197,1.29166666666667,"Stichodactyla_haddoni"
125.091076781185,1.45833333333334,"Stichodactyla_haddoni"
153.230343555453,-27.4583333333333,"Stichodactyla_haddoni"
39.3451694719853,-4.625,"Stichodactyla_haddoni"
114.217200830067,-21.7916666666667,"Stichodactyla_haddoni"
153.396356928753,-27.4583333333333,"Stichodactyla_haddoni"
114.134194143417,-22.2916666666667,"Stichodactyla_haddoni"
103.841364998847,1.29166666666667,"Stichodactyla_haddoni"
153.396356928753,-27.5416666666667,"Stichodactyla_haddoni"
114.217200830067,-22.125,"Stichodactyla_haddoni"
56.3615402351856,25.4583333333333,"Stichodactyla_haddoni"
109.900853124279,20.375,"Stichodactyla_haddoni"
39.1791560986858,-6.20833333333333,"Stichodactyla_haddoni"
99.9400507263085,9.79166666666667,"Stichodactyla_haddoni"
177.302282683883,-17.125,"Stichodactyla_haddoni"
113.885174083468,-28.7083333333333,"Stichodactyla_haddoni"
124.593036661287,9.875,"Stichodactyla_haddoni"
130.818538160018,-12.4583333333333,"Stichodactyla_haddoni"
103.758358312197,1.20833333333334,"Stichodactyla_haddoni"
145.510721697026,-16.5416666666667,"Stichodactyla_haddoni"
68.9785566059488,22.375,"Stichodactyla_haddoni"
104.090385058796,1.45833333333334,"Stichodactyla_haddoni"
68.9785566059488,22.4583333333333,"Stichodactyla_haddoni"
39.5111828452848,-6.125,"Stichodactyla_haddoni"
119.778648835601,-8.45833333333333,"Stichodactyla_haddoni"
40.1752363384828,-3.20833333333333,"Stichodactyla_haddoni"
104.007378372147,1.29166666666667,"Stichodactyla_haddoni"
39.2621627853355,-5.79166666666666,"Stichodactyla_haddoni"
39.7602029052341,-7.95833333333333,"Stichodactyla_haddoni"
39.3451694719853,-5.875,"Stichodactyla_haddoni"
57.7726539082315,23.7916666666667,"Stichodactyla_haddoni"
40.5072630850819,-12.9583333333333,"Stichodactyla_haddoni"
119.363615402352,11.2083333333333,"Stichodactyla_haddoni"
116.043347936362,-8.45833333333333,"Stichodactyla_haddoni"
124.011989854738,24.2083333333333,"Stichodactyla_haddoni"
103.924371685497,1.20833333333334,"Stichodactyla_haddoni"
142.273460917685,-10.625,"Stichodactyla_haddoni"
40.3412497117824,-10.2916666666667,"Stichodactyla_haddoni"
167.92252709246,-29.0416666666667,"Stichodactyla_haddoni"
118.865575282453,4.625,"Stichodactyla_haddoni"
34.8628083928983,25.2083333333333,"Stichodactyla_haddoni"
164.934286373069,-21.375,"Stichodactyla_haddoni"
125.091076781185,1.70833333333334,"Stichodactyla_haddoni"
125.091076781185,1.79166666666667,"Stichodactyla_haddoni"
79.3543924371686,9.29166666666667,"Stichodactyla_haddoni"
30.7954807470602,-30.2083333333333,"Stichodactyla_haddoni"
58.8517408346784,20.625,"Stichodactyla_haddoni"
153.064330182154,-27.2916666666667,"Stichodactyla_haddoni"
146.838828683422,-19.125,"Stichodactyla_haddoni"
35.0288217661979,24.9583333333333,"Stichodactyla_haddoni"
164.021212819922,-20.0416666666667,"Stichodactyla_haddoni"
166.843440166013,-22.625,"Stichodactyla_haddoni"
35.4438551994466,-21.5416666666667,"Stichodactyla_haddoni"
39.428176158635,-6.04166666666666,"Stichodactyla_haddoni"
39.5111828452848,-6.20833333333333,"Stichodactyla_haddoni"
114.300207516717,22.375,"Entacmaea_quadricolor"
167.92252709246,-29.0416666666667,"Entacmaea_quadricolor"
34.3647682729998,28.375,"Entacmaea_quadricolor"
168.00553377911,-29.0416666666667,"Entacmaea_quadricolor"
166.428406732765,-22.2916666666667,"Entacmaea_quadricolor"
40.0092229651833,-3.375,"Entacmaea_quadricolor"
172.902928291446,3.20833333333334,"Entacmaea_quadricolor"
146.008761816924,-16.7916666666667,"Entacmaea_quadricolor"
147.087848743371,-18.625,"Entacmaea_quadricolor"
72.7968641918377,4.04166666666667,"Entacmaea_quadricolor"
145.842748443625,-16.2083333333333,"Entacmaea_quadricolor"
73.5439243716855,4.29166666666667,"Entacmaea_quadricolor"
165.432326492968,-21.625,"Entacmaea_quadricolor"
119.363615402352,11.375,"Entacmaea_quadricolor"
119.280608715702,11.375,"Entacmaea_quadricolor"
119.280608715702,11.2916666666667,"Entacmaea_quadricolor"
124.094996541388,11.2916666666667,"Entacmaea_quadricolor"
123.845976481439,-5.79166666666666,"Entacmaea_quadricolor"
123.928983168089,-5.79166666666666,"Entacmaea_quadricolor"
171.3258012451,7.125,"Entacmaea_quadricolor"
129.988471293521,-0.791666666666664,"Entacmaea_quadricolor"
58.1046806548306,23.875,"Entacmaea_quadricolor"
127.415264007378,-1.375,"Entacmaea_quadricolor"
131.067558219968,-0.875,"Entacmaea_quadricolor"
72.9628775651372,6.54166666666667,"Entacmaea_quadricolor"
116.043347936362,5.95833333333334,"Entacmaea_quadricolor"
120.442702328799,22.375,"Entacmaea_quadricolor"
153.479363615402,-27.7083333333333,"Entacmaea_quadricolor"
118.616555222504,-20.2916666666667,"Entacmaea_quadricolor"
34.7798017062486,25.375,"Entacmaea_quadricolor"
34.7798017062486,25.2916666666667,"Entacmaea_quadricolor"
118.699561909154,4.45833333333334,"Entacmaea_quadricolor"
168.337560525709,-17.7916666666667,"Entacmaea_quadricolor"
118.533548535854,-20.2916666666667,"Entacmaea_quadricolor"
114.383214203366,22.2916666666667,"Entacmaea_quadricolor"
177.385289370533,-16.9583333333333,"Entacmaea_quadricolor"
33.949734839751,26.9583333333333,"Entacmaea_quadricolor"
35.7758819460457,23.625,"Entacmaea_quadricolor"
124.842056721236,1.625,"Entacmaea_quadricolor"
130.569518100069,-2.20833333333333,"Entacmaea_quadricolor"
124.759050034586,1.625,"Entacmaea_quadricolor"
109.485819691031,18.2083333333333,"Entacmaea_quadricolor"
37.9340557989394,23.7916666666667,"Entacmaea_quadricolor"
73.377910998386,4.45833333333334,"Entacmaea_quadricolor"
72.9628775651372,4.20833333333334,"Entacmaea_quadricolor"
119.612635462301,23.625,"Entacmaea_quadricolor"
99.2759972331105,7.29166666666667,"Entacmaea_quadricolor"
73.4609176850358,3.95833333333334,"Entacmaea_quadricolor"
117.039428176159,-20.625,"Entacmaea_quadricolor"
120.1106755822,12.2083333333333,"Entacmaea_quadricolor"
177.966336177081,-18.2916666666667,"Entacmaea_quadricolor"
177.136269310583,-17.7083333333333,"Entacmaea_quadricolor"
178.13234955038,-18.375,"Entacmaea_quadricolor"
109.070786257782,21.0416666666667,"Entacmaea_quadricolor"
114.134194143417,-21.875,"Entacmaea_quadricolor"
118.201521789255,2.29166666666667,"Entacmaea_quadricolor"
123.34793636154,-8.29166666666666,"Entacmaea_quadricolor"
210.089923910537,-17.5416666666667,"Entacmaea_quadricolor"
167.507493659211,11.375,"Entacmaea_quadricolor"
118.616555222504,4.29166666666667,"Entacmaea_quadricolor"
177.136269310583,-17.2083333333333,"Entacmaea_quadricolor"
115.462301129813,-8.70833333333333,"Entacmaea_quadricolor"
119.86165552225,-8.45833333333333,"Entacmaea_quadricolor"
119.529628775651,-8.625,"Entacmaea_quadricolor"
146.589808623472,-18.0416666666667,"Entacmaea_quadricolor"
118.284528475905,2.29166666666667,"Entacmaea_quadricolor"
34.8628083928983,27.9583333333333,"Entacmaea_quadricolor"
153.479363615402,-28.125,"Entacmaea_quadricolor"
150.98916301591,-23.0416666666667,"Entacmaea_quadricolor"
114.383214203366,22.375,"Entacmaea_quadricolor"
153.562370302052,-28.2083333333333,"Entacmaea_quadricolor"
152.732303435555,-24.125,"Entacmaea_quadricolor"
181.535623703021,-19.125,"Entacmaea_quadricolor"
181.61863038967,-19.125,"Entacmaea_quadricolor"
124.094996541388,24.375,"Entacmaea_quadricolor"
148.166935669818,-19.0416666666667,"Entacmaea_quadricolor"
127.332257320729,26.2083333333333,"Entacmaea_quadricolor"
148.249942356468,-18.9583333333333,"Entacmaea_quadricolor"
101.849204519253,2.375,"Entacmaea_quadricolor"
115.462301129813,-8.54166666666666,"Entacmaea_quadricolor"
150.98916301591,-23.2083333333333,"Entacmaea_quadricolor"
144.01660133733,-9.95833333333333,"Entacmaea_quadricolor"
134.387825685958,7.29166666666667,"Entacmaea_quadricolor"
113.885174083468,-22.0416666666667,"Entacmaea_quadricolor"
153.562370302052,-27.375,"Entacmaea_quadricolor"
123.264929674891,9.29166666666667,"Entacmaea_quadricolor"
103.758358312197,1.20833333333334,"Entacmaea_quadricolor"
129.241411113673,28.2083333333333,"Entacmaea_quadricolor"
114.383214203366,22.5416666666667,"Entacmaea_quadricolor"
119.612635462301,-8.54166666666666,"Entacmaea_quadricolor"
119.695642148951,-8.54166666666666,"Entacmaea_quadricolor"
72.9628775651372,4.04166666666667,"Entacmaea_quadricolor"
72.8798708784875,4.04166666666667,"Entacmaea_quadricolor"
72.8798708784875,4.125,"Entacmaea_quadricolor"
72.8798708784875,3.54166666666667,"Entacmaea_quadricolor"
153.147336868803,-26.625,"Entacmaea_quadricolor"
122.268849435093,12.5416666666667,"Entacmaea_quadricolor"
35.7758819460457,23.5416666666667,"Entacmaea_quadricolor"
37.9340557989394,23.875,"Entacmaea_quadricolor"
153.147336868803,-26.7916666666667,"Entacmaea_quadricolor"
121.936822688494,25.0416666666667,"Entacmaea_quadricolor"
124.094996541388,11.375,"Entacmaea_quadricolor"
114.300207516717,22.2083333333333,"Entacmaea_quadricolor"
181.535623703021,-18.9583333333333,"Entacmaea_quadricolor"
72.9628775651372,4.29166666666667,"Entacmaea_quadricolor"
34.4477749596495,28.0416666666667,"Entacmaea_quadricolor"
159.123818307586,-31.5416666666667,"Entacmaea_quadricolor"
147.004842056721,-18.4583333333333,"Entacmaea_quadricolor"
34.6137883329491,25.625,"Entacmaea_quadricolor"
34.1157482130505,26.7083333333333,"Entacmaea_quadricolor"
33.949734839751,26.875,"Entacmaea_quadricolor"
166.511413419414,-22.4583333333333,"Entacmaea_quadricolor"
35.6928752593959,24.125,"Entacmaea_quadricolor"
34.1987548997003,26.2083333333333,"Entacmaea_quadricolor"
167.092460225963,-22.4583333333333,"Entacmaea_quadricolor"
118.865575282453,4.625,"Entacmaea_quadricolor"
114.300207516717,22.2916666666667,"Entacmaea_quadricolor"
124.178003228038,11.2916666666667,"Entacmaea_quadricolor"
138.953193451695,34.7083333333333,"Entacmaea_quadricolor"
130.486511413419,-0.541666666666664,"Entacmaea_quadricolor"
56.3615402351856,25.4583333333333,"Entacmaea_quadricolor"
151.902236569057,-23.4583333333333,"Entacmaea_quadricolor"
177.219275997233,-17.125,"Entacmaea_quadricolor"
114.134194143417,-22.2083333333333,"Entacmaea_quadricolor"
39.7602029052341,-7.95833333333333,"Entacmaea_quadricolor"
177.551302743832,-16.7083333333333,"Entacmaea_quadricolor"
39.1791560986858,-6.125,"Entacmaea_quadricolor"
33.8667281531012,27.0416666666667,"Entacmaea_quadricolor"
153.396356928753,-29.9583333333333,"Entacmaea_quadricolor"
39.2621627853355,-5.79166666666666,"Entacmaea_quadricolor"
125.091076781185,1.45833333333334,"Entacmaea_quadricolor"
57.6896472215818,-19.9583333333333,"Entacmaea_quadricolor"
73.5439243716855,4.20833333333334,"Entacmaea_quadricolor"
115.545307816463,-20.625,"Entacmaea_quadricolor"
73.4609176850358,3.875,"Entacmaea_quadricolor"
34.5307816462993,25.7916666666667,"Entacmaea_quadricolor"
121.770809315195,25.125,"Entacmaea_quadricolor"
166.428406732765,-22.375,"Entacmaea_quadricolor"
167.424486972562,-21.0416666666667,"Entacmaea_quadricolor"
166.262393359465,-22.2916666666667,"Entacmaea_quadricolor"
80.0184459303666,9.04166666666667,"Entacmaea_quadricolor"
121.355775881946,23.125,"Entacmaea_quadricolor"
169.914687572054,10.2916666666667,"Entacmaea_quadricolor"
153.479363615402,-27.375,"Entacmaea_quadricolor"
58.6857274613789,23.5416666666667,"Entacmaea_quadricolor"
73.4609176850358,4.125,"Entacmaea_quadricolor"
34.9458150795481,25.0416666666667,"Entacmaea_quadricolor"
115.047267696564,-21.4583333333333,"Entacmaea_quadricolor"
150.076089462762,-5.375,"Entacmaea_quadricolor"
33.949734839751,26.7916666666667,"Entacmaea_quadricolor"
113.802167396818,-22.2083333333333,"Entacmaea_quadricolor"
39.6771962185843,-4.95833333333333,"Entacmaea_quadricolor"
33.8667281531012,27.375,"Entacmaea_quadricolor"
123.679963108139,12.7083333333333,"Entacmaea_quadricolor"
119.695642148951,-8.45833333333333,"Entacmaea_quadricolor"
168.254553839059,-17.625,"Entacmaea_quadricolor"
48.1438782568596,-13.2916666666667,"Entacmaea_quadricolor"
120.774729075398,21.875,"Entacmaea_quadricolor"
180.124510029975,-16.875,"Entacmaea_quadricolor"
181.203596956422,-18.2083333333333,"Entacmaea_quadricolor"
121.936822688494,24.875,"Entacmaea_quadricolor"
34.8628083928983,25.2916666666667,"Entacmaea_quadricolor"
119.778648835601,-8.54166666666666,"Entacmaea_quadricolor"
39.1791560986858,-6.20833333333333,"Entacmaea_quadricolor"
39.5111828452848,-6.125,"Entacmaea_quadricolor"
126.83421720083,33.375,"Entacmaea_quadricolor"
146.257781876873,-16.7916666666667,"Entacmaea_quadricolor"
119.778648835601,-8.375,"Entacmaea_quadricolor"
125.091076781185,1.79166666666667,"Entacmaea_quadricolor"
119.778648835601,-8.45833333333333,"Entacmaea_quadricolor"
121.853816001845,25.125,"Entacmaea_quadricolor"
171.076781185151,8.29166666666667,"Entacmaea_quadricolor"
177.136269310583,-17.375,"Entacmaea_quadricolor"
114.300207516717,-21.875,"Entacmaea_quadricolor"
166.677426792714,-22.625,"Entacmaea_quadricolor"
150.076089462762,-5.45833333333333,"Entacmaea_quadricolor"
150.076089462762,-5.29166666666666,"Entacmaea_quadricolor"
171.159787871801,8.54166666666667,"Entacmaea_quadricolor"
145.925755130274,-16.2083333333333,"Entacmaea_quadricolor"
127.913304127277,26.7083333333333,"Heteractis_crispa"
124.178003228038,24.4583333333333,"Heteractis_malu"
124.011989854738,24.375,"Entacmaea_quadricolor"
39.2621627853355,-5.875,"Heteractis_aurora"
113.885174083468,-25.875,"Entacmaea_quadricolor"
134.055798939359,-0.875,"Heteractis_aurora"
162.195065713627,11.625,"Entacmaea_quadricolor"
124.178003228038,24.4583333333333,"Stichodactyla_haddoni"
33.8667281531012,27.2083333333333,"Heteractis_crispa"
142.190454231035,-9.95833333333333,"Entacmaea_quadricolor"
39.3451694719853,-6.04166666666666,"Heteractis_aurora"
153.479363615402,-26.9583333333333,"Stichodactyla_haddoni"
98.7779571132119,7.70833333333334,"Entacmaea_quadricolor"
145.593728383675,-16.375,"Stichodactyla_haddoni"
55.3654599953885,-5.875,"Heteractis_aurora"
127.913304127277,26.7083333333333,"Entacmaea_quadricolor"
114.051187456767,-28.7083333333333,"Stichodactyla_haddoni"
145.759741756975,-5.125,"Heteractis_aurora"
109.402813004381,12.7916666666667,"Entacmaea_quadricolor"
73.4609176850358,4.20833333333334,"Stichodactyla_gigantea"
45.0726308508186,12.7916666666667,"Stichodactyla_gigantea"
152.151256629006,-4.20833333333333,"Heteractis_magnifica"
115.711321189763,-32.0416666666667,"Entacmaea_quadricolor"
39.1791560986858,-5.79166666666666,"Stichodactyla_gigantea"
98.7779571132119,7.70833333333334,"Heteractis_magnifica"
153.396356928753,-30.125,"Entacmaea_quadricolor"
32.5386211667051,29.7916666666667,"Entacmaea_quadricolor"
153.396356928753,-27.2083333333333,"Stichodactyla_haddoni"
142.190454231035,-10.5416666666667,"Entacmaea_quadricolor"
55.6974867419876,-4.54166666666666,"Heteractis_crispa"
69.0615632925986,22.4583333333333,"Stichodactyla_haddoni"
103.758358312197,1.125,"Entacmaea_quadricolor"
109.402813004381,12.7916666666667,"Heteractis_crispa"
152.151256629006,-3.375,"Heteractis_aurora"
145.593728383675,-16.375,"Cryptodendrum_adhaesivum"
98.7779571132119,7.70833333333334,"Stichodactyla_gigantea"
153.396356928753,-27.2083333333333,"Entacmaea_quadricolor"
145.510721697026,-14.625,"Entacmaea_quadricolor"
119.280608715702,-5.54166666666666,"Heteractis_crispa"
127.249250634079,26.2083333333333,"Heteractis_crispa"
39.1791560986858,-5.79166666666666,"Entacmaea_quadricolor"
115.711321189763,-32.2083333333333,"Heteractis_malu"
145.427715010376,-14.7083333333333,"Entacmaea_quadricolor"
109.402813004381,12.7916666666667,"Heteractis_aurora"
132.727691952963,-5.70833333333333,"Entacmaea_quadricolor"
68.9785566059488,22.4583333333333,"Stichodactyla_gigantea"
128.162324187226,-3.625,"Entacmaea_quadricolor"
148.997002536315,-19.9583333333333,"Stichodactyla_haddoni"
119.280608715702,-5.54166666666666,"Stichodactyla_haddoni"
58.6857274613789,23.5416666666667,"Stichodactyla_haddoni"
103.841364998847,1.29166666666667,"Heteractis_magnifica"
145.759741756975,-5.125,"Heteractis_malu"
34.1157482130505,26.5416666666667,"Entacmaea_quadricolor"
134.055798939359,-0.875,"Macrodactyla_doreensis"
55.199446622089,-3.79166666666666,"Heteractis_aurora"
106.829605718238,-6.04166666666666,"Entacmaea_quadricolor"
124.011989854738,24.375,"Heteractis_crispa"
162.361079086927,11.4583333333333,"Entacmaea_quadricolor"
53.2902928291446,-5.79166666666666,"Heteractis_aurora"
39.1791560986858,-5.79166666666666,"Heteractis_magnifica"
115.711321189763,-31.9583333333333,"Heteractis_malu"
30.7954807470602,-30.2916666666667,"Heteractis_magnifica"
127.913304127277,26.2083333333333,"Heteractis_malu"
109.070786257782,21.0416666666667,"Heteractis_magnifica"
132.727691952963,-5.70833333333333,"Heteractis_aurora"
48.3098916301591,-13.5416666666667,"Stichodactyla_haddoni"
128.162324187226,-3.625,"Heteractis_aurora"
55.5314733686881,-4.79166666666666,"Heteractis_magnifica"
55.5314733686881,-4.70833333333333,"Heteractis_crispa"
109.402813004381,12.7916666666667,"Stichodactyla_haddoni"
55.6974867419876,-4.54166666666666,"Stichodactyla_haddoni"
72.9628775651372,3.95833333333334,"Heteractis_magnifica"
150.242102836062,-9.375,"Stichodactyla_gigantea"
145.510721697026,-14.625,"Heteractis_aurora"
127.913304127277,26.2083333333333,"Heteractis_crispa"
53.2902928291446,-5.79166666666666,"Heteractis_magnifica"
135.300899239105,33.7083333333333,"Entacmaea_quadricolor"
73.5439243716855,4.20833333333334,"Heteractis_aurora"
39.1791560986858,-5.79166666666666,"Heteractis_aurora"
127.913304127277,26.7083333333333,"Heteractis_magnifica"
149.993082776113,-21.9583333333333,"Stichodactyla_haddoni"
53.0412727691953,-6.20833333333333,"Heteractis_aurora"
33.5347014065022,28.2083333333333,"Entacmaea_quadricolor"
44.242563984321,-12.2083333333333,"Heteractis_magnifica"
144.09960802398,-9.95833333333333,"Heteractis_malu"
127.913304127277,26.2916666666667,"Stichodactyla_haddoni"
40.2582430251326,-2.54166666666666,"Heteractis_magnifica"
144.09960802398,-9.95833333333333,"Heteractis_crispa"
48.2268849435094,-13.4583333333333,"Heteractis_crispa"
53.2902928291446,-5.79166666666666,"Heteractis_crispa"
105.169471985243,-5.70833333333333,"Heteractis_magnifica"
51.8791791560987,26.7083333333333,"Entacmaea_quadricolor"
55.4484666820383,-4.70833333333333,"Heteractis_magnifica"
127.913304127277,26.2083333333333,"Stichodactyla_haddoni"
124.178003228038,24.4583333333333,"Heteractis_aurora"
153.645376988702,-28.625,"Entacmaea_quadricolor"
128.079317500576,-2.95833333333333,"Heteractis_aurora"
106.829605718238,-6.04166666666666,"Heteractis_crispa"
104.173391745446,2.79166666666667,"Heteractis_magnifica"
142.273460917685,-9.875,"Entacmaea_quadricolor"
162.195065713627,11.625,"Heteractis_aurora"
162.361079086927,11.4583333333333,"Heteractis_aurora"
162.195065713627,11.625,"Heteractis_crispa"
39.1791560986858,-6.29166666666666,"Stichodactyla_gigantea"
33.8667281531012,27.2083333333333,"Entacmaea_quadricolor"
147.33686880332,-18.4583333333333,"Entacmaea_quadricolor"
127.249250634079,26.2083333333333,"Heteractis_magnifica"
72.9628775651372,3.95833333333334,"Entacmaea_quadricolor"
145.676735070325,-15.5416666666667,"Entacmaea_quadricolor"
93.7145492275767,7.20833333333334,"Heteractis_crispa"
114.051187456767,-28.7083333333333,"Entacmaea_quadricolor"
58.5197140880793,23.625,"Entacmaea_quadricolor"
145.759741756975,-5.125,"Stichodactyla_haddoni"
104.007378372147,-5.375,"Stichodactyla_haddoni"
145.593728383675,-16.375,"Entacmaea_quadricolor"
144.09960802398,-9.95833333333333,"Macrodactyla_doreensis"
145.759741756975,-5.125,"Entacmaea_quadricolor"
162.195065713627,11.625,"Cryptodendrum_adhaesivum"
127.913304127277,26.2083333333333,"Heteractis_aurora"
134.968872492506,-7.04166666666666,"Heteractis_malu"
142.273460917685,-9.875,"Heteractis_aurora"
78.2753055107217,8.79166666666667,"Stichodactyla_gigantea"
150.74014295596,-9.45833333333333,"Stichodactyla_gigantea"
93.7145492275767,7.20833333333334,"Stichodactyla_gigantea"
128.079317500576,-2.95833333333333,"Entacmaea_quadricolor"
127.913304127277,26.2083333333333,"Entacmaea_quadricolor"
142.190454231035,-9.95833333333333,"Macrodactyla_doreensis"
121.604795941895,-18.7916666666667,"Stichodactyla_gigantea"
119.280608715702,-5.54166666666666,"Heteractis_aurora"
127.249250634079,26.2083333333333,"Entacmaea_quadricolor"
145.510721697026,-14.7083333333333,"Entacmaea_quadricolor"
142.273460917685,-9.875,"Stichodactyla_haddoni"
129.988471293521,-1.79166666666666,"Stichodactyla_haddoni"
144.265621397279,-3.70833333333333,"Stichodactyla_haddoni"
48.3098916301591,-13.2916666666667,"Stichodactyla_haddoni"
144.265621397279,-3.70833333333333,"Heteractis_crispa"
103.343324878949,4.125,"Heteractis_crispa"
55.6974867419876,-4.54166666666666,"Heteractis_aurora"
145.676735070325,-15.5416666666667,"Stichodactyla_haddoni"
39.6771962185843,15.625,"Entacmaea_quadricolor"
162.195065713627,11.625,"Heteractis_magnifica"
115.462301129813,-20.7916666666667,"Heteractis_malu"
106.829605718238,-6.04166666666666,"Heteractis_aurora"
55.3654599953885,-5.875,"Stichodactyla_haddoni"
39.3451694719853,-6.04166666666666,"Heteractis_magnifica"
124.178003228038,24.4583333333333,"Entacmaea_quadricolor"
128.162324187226,-3.625,"Stichodactyla_haddoni"
135.300899239105,33.7083333333333,"Heteractis_aurora"
53.2902928291446,-5.45833333333333,"Entacmaea_quadricolor"
36.5229421258935,-18.7916666666667,"Stichodactyla_haddoni"
45.0726308508186,12.7916666666667,"Heteractis_aurora"
162.361079086927,11.375,"Cryptodendrum_adhaesivum"
152.151256629006,-4.20833333333333,"Heteractis_crispa"
55.6974867419876,-4.54166666666666,"Entacmaea_quadricolor"
32.4556144800554,29.875,"Cryptodendrum_adhaesivum"
155.554530781646,-6.20833333333333,"Stichodactyla_gigantea"
121.604795941895,-18.7916666666667,"Heteractis_aurora"
73.4609176850358,4.20833333333334,"Heteractis_magnifica"
103.841364998847,1.29166666666667,"Entacmaea_quadricolor"
145.510721697026,-14.7083333333333,"Stichodactyla_haddoni"
93.7145492275767,7.20833333333334,"Heteractis_magnifica"
123.928983168089,11.0416666666667,"Heteractis_crispa"
39.3451694719853,-6.04166666666666,"Stichodactyla_gigantea"
55.4484666820383,-4.625,"Heteractis_crispa"
145.593728383675,-16.375,"Stichodactyla_gigantea"
152.151256629006,-4.20833333333333,"Stichodactyla_gigantea"
153.396356928753,-27.9583333333333,"Stichodactyla_gigantea"
56.3615402351856,25.625,"Stichodactyla_haddoni"
147.751902236569,-19.375,"Stichodactyla_haddoni"
148.249942356468,-19.9583333333333,"Stichodactyla_haddoni"
34.1157482130505,26.7083333333333,"Stichodactyla_haddoni"
56.4445469218354,26.375,"Stichodactyla_haddoni"
38.9301360387365,22.2083333333333,"Stichodactyla_haddoni"
120.608715702098,13.9583333333333,"Stichodactyla_haddoni"
104.173391745446,2.79166666666667,"Heteractis_crispa"
104.173391745446,2.79166666666667,"Stichodactyla_mertensii"
104.173391745446,2.79166666666667,"Entacmaea_quadricolor"
202.28729536546,21.375,"Heteractis_malu"
130.23749135347,0.208333333333336,"Stichodactyla_gigantea"
130.23749135347,0.208333333333336,"Stichodactyla_haddoni"
143.352547844132,-8.79166666666666,"Entacmaea_quadricolor"
131.233571593267,-9.79166666666666,"Entacmaea_quadricolor"
137.21005303205,-9.79166666666666,"Macrodactyla_doreensis"
122.268849435093,-15.7083333333333,"Heteractis_malu"
122.268849435093,-16.7083333333333,"Heteractis_aurora"
122.268849435093,-16.7083333333333,"Stichodactyla_gigantea"
178.21535623703,-16.7083333333333,"Heteractis_aurora"
179.211436476827,-16.7083333333333,"Heteractis_magnifica"
179.211436476827,-16.7083333333333,"Entacmaea_quadricolor"
107.244639151487,-0.791666666666664,"Stichodactyla_gigantea"
108.240719391284,-0.791666666666664,"Cryptodendrum_adhaesivum"
128.245330873876,-0.791666666666664,"Heteractis_crispa"
128.245330873876,-0.791666666666664,"Heteractis_aurora"
128.245330873876,-0.791666666666664,"Heteractis_magnifica"
128.245330873876,-0.791666666666664,"Stichodactyla_gigantea"
128.245330873876,-0.791666666666664,"Stichodactyla_mertensii"
128.245330873876,-0.791666666666664,"Entacmaea_quadricolor"
128.245330873876,-0.791666666666664,"Cryptodendrum_adhaesivum"
130.23749135347,-0.791666666666664,"Heteractis_crispa"
130.23749135347,-0.791666666666664,"Heteractis_aurora"
130.23749135347,-0.791666666666664,"Heteractis_magnifica"
130.23749135347,-0.791666666666664,"Stichodactyla_gigantea"
130.23749135347,-0.791666666666664,"Stichodactyla_mertensii"
130.23749135347,-0.791666666666664,"Entacmaea_quadricolor"
130.23749135347,-0.791666666666664,"Cryptodendrum_adhaesivum"
150.242102836062,-19.7083333333333,"Stichodactyla_haddoni"
152.234263315656,-20.7083333333333,"Heteractis_crispa"
152.234263315656,-20.7083333333333,"Entacmaea_quadricolor"
114.217200830067,-21.7083333333333,"Heteractis_malu"
151.238183075859,-21.7083333333333,"Entacmaea_quadricolor"
153.230343555453,-24.7083333333333,"Heteractis_crispa"
153.230343555453,-24.7083333333333,"Heteractis_malu"
153.230343555453,-24.7083333333333,"Macrodactyla_doreensis"
153.230343555453,-24.7083333333333,"Stichodactyla_haddoni"
153.230343555453,-24.7083333333333,"Entacmaea_quadricolor"
153.230343555453,-24.7083333333333,"Cryptodendrum_adhaesivum"
153.230343555453,-25.7083333333333,"Stichodactyla_gigantea"
153.313350242103,-27.7916666666667,"Heteractis_crispa"
153.313350242103,-27.7916666666667,"Entacmaea_quadricolor"
128.328337560526,-1.625,"Heteractis_crispa"
128.328337560526,-1.625,"Heteractis_aurora"
128.328337560526,-1.625,"Heteractis_magnifica"
128.328337560526,-1.625,"Macrodactyla_doreensis"
128.328337560526,-1.625,"Stichodactyla_haddoni"
128.328337560526,-1.625,"Stichodactyla_mertensii"
128.328337560526,-1.625,"Entacmaea_quadricolor"
131.233571593267,-1.79166666666666,"Cryptodendrum_adhaesivum"
116.292367996311,-2.79166666666666,"Heteractis_crispa"
107.244639151487,-3.79166666666666,"Heteractis_crispa"
107.244639151487,-3.79166666666666,"Heteractis_aurora"
107.244639151487,-3.79166666666666,"Heteractis_malu"
107.244639151487,-3.79166666666666,"Heteractis_magnifica"
107.244639151487,-3.79166666666666,"Stichodactyla_gigantea"
107.244639151487,-3.79166666666666,"Stichodactyla_mertensii"
107.244639151487,-3.79166666666666,"Entacmaea_quadricolor"
133.391745446161,-3.79166666666666,"Heteractis_crispa"
133.391745446161,-3.79166666666666,"Heteractis_aurora"
133.391745446161,-3.79166666666666,"Heteractis_magnifica"
133.391745446161,-3.79166666666666,"Stichodactyla_gigantea"
133.391745446161,-3.79166666666666,"Stichodactyla_mertensii"
133.391745446161,-3.79166666666666,"Entacmaea_quadricolor"
55.2824533087388,-3.79166666666666,"Heteractis_crispa"
55.2824533087388,-3.79166666666666,"Heteractis_aurora"
55.2824533087388,-3.79166666666666,"Heteractis_magnifica"
55.2824533087388,-3.79166666666666,"Stichodactyla_haddoni"
55.2824533087388,-3.79166666666666,"Stichodactyla_mertensii"
55.2824533087388,-3.79166666666666,"Cryptodendrum_adhaesivum"
110.232879870879,-4.79166666666666,"Heteractis_magnifica"
135.217892552456,-4.79166666666666,"Heteractis_malu"
144.265621397279,-7.79166666666666,"Heteractis_crispa"
144.265621397279,-7.79166666666666,"Heteractis_aurora"
144.265621397279,-7.79166666666666,"Heteractis_malu"
144.265621397279,-7.79166666666666,"Macrodactyla_doreensis"
144.265621397279,-7.79166666666666,"Entacmaea_quadricolor"
144.265621397279,-7.79166666666666,"Cryptodendrum_adhaesivum"
104.256398432096,1.45833333333334,"Heteractis_crispa"
104.256398432096,1.45833333333334,"Heteractis_magnifica"
104.256398432096,1.45833333333334,"Macrodactyla_doreensis"
104.256398432096,1.45833333333334,"Stichodactyla_gigantea"
104.256398432096,1.45833333333334,"Stichodactyla_haddoni"
104.256398432096,1.45833333333334,"Entacmaea_quadricolor"
104.256398432096,1.45833333333334,"Cryptodendrum_adhaesivum"
101.268157712705,11.4583333333333,"Heteractis_magnifica"
101.268157712705,11.4583333333333,"Stichodactyla_mertensii"
124.261009914688,11.5416666666667,"Heteractis_crispa"
162.278072400277,11.4583333333333,"Heteractis_aurora"
162.278072400277,11.4583333333333,"Entacmaea_quadricolor"
162.278072400277,11.4583333333333,"Cryptodendrum_adhaesivum"
124.261009914688,12.4583333333333,"Stichodactyla_gigantea"
43.2464837445239,12.4583333333333,"Heteractis_crispa"
43.2464837445239,12.4583333333333,"Heteractis_aurora"
43.2464837445239,12.4583333333333,"Heteractis_magnifica"
43.2464837445239,12.4583333333333,"Stichodactyla_gigantea"
109.236799631081,13.4583333333333,"Heteractis_crispa"
109.236799631081,13.4583333333333,"Heteractis_aurora"
109.236799631081,13.4583333333333,"Heteractis_malu"
109.236799631081,13.4583333333333,"Heteractis_magnifica"
109.236799631081,13.4583333333333,"Macrodactyla_doreensis"
109.236799631081,13.4583333333333,"Stichodactyla_haddoni"
109.236799631081,13.4583333333333,"Stichodactyla_mertensii"
109.236799631081,13.4583333333333,"Entacmaea_quadricolor"
109.236799631081,13.4583333333333,"Cryptodendrum_adhaesivum"
43.2464837445239,13.4583333333333,"Stichodactyla_gigantea"
40.2582430251326,16.4583333333333,"Entacmaea_quadricolor"
109.236799631081,21.375,"Heteractis_magnifica"
69.2275766658981,22.4583333333333,"Stichodactyla_gigantea"
69.2275766658981,22.4583333333333,"Stichodactyla_haddoni"
124.261009914688,24.4583333333333,"Heteractis_crispa"
124.261009914688,24.4583333333333,"Heteractis_aurora"
124.261009914688,24.4583333333333,"Heteractis_magnifica"
124.261009914688,24.4583333333333,"Macrodactyla_doreensis"
124.261009914688,24.4583333333333,"Stichodactyla_gigantea"
124.261009914688,24.4583333333333,"Stichodactyla_haddoni"
124.261009914688,24.4583333333333,"Entacmaea_quadricolor"
124.261009914688,24.4583333333333,"Cryptodendrum_adhaesivum"
58.2706940281301,25.4583333333333,"Heteractis_aurora"
127.166243947429,26.375,"Heteractis_crispa"
127.166243947429,26.375,"Heteractis_aurora"
127.166243947429,26.375,"Heteractis_malu"
127.166243947429,26.375,"Heteractis_magnifica"
127.166243947429,26.375,"Stichodactyla_gigantea"
127.166243947429,26.375,"Stichodactyla_haddoni"
127.166243947429,26.375,"Stichodactyla_mertensii"
127.166243947429,26.375,"Entacmaea_quadricolor"
34.1987548997003,26.375,"Heteractis_aurora"
34.1987548997003,26.375,"Cryptodendrum_adhaesivum"
52.2112059026977,27.4583333333333,"Entacmaea_quadricolor"
129.324417800323,28.375,"Heteractis_crispa"
129.324417800323,28.375,"Heteractis_aurora"
129.324417800323,28.375,"Heteractis_magnifica"
129.324417800323,28.375,"Macrodactyla_doreensis"
129.324417800323,28.375,"Stichodactyla_mertensii"
34.3647682729998,28.375,"Heteractis_magnifica"
104.256398432096,3.45833333333334,"Heteractis_magnifica"
139.285220198294,34.375,"Entacmaea_quadricolor"
103.343324878949,4.54166666666667,"Heteractis_crispa"
103.343324878949,4.54166666666667,"Heteractis_magnifica"
103.343324878949,4.54166666666667,"Stichodactyla_mertensii"
73.377910998386,4.45833333333334,"Heteractis_magnifica"
73.377910998386,4.45833333333334,"Stichodactyla_mertensii"
73.377910998386,4.45833333333334,"Cryptodendrum_adhaesivum"
81.263546230113,8.45833333333334,"Heteractis_magnifica"
79.2713857505188,9.45833333333334,"Heteractis_aurora"
